year_1,year_2,sigma_dist,2_sigma_dist,3_sigma_dist
1962.0,1962.0,709.9352083112938,1419.8704166225875,2129.8056249338815
1962.0,1963.0,545.7105459856901,1091.4210919713803,1637.1316379570703
1962.0,1976.0,510.9099725000482,1021.8199450000964,1532.7299175001444
1962.0,1978.0,511.4762946608572,1022.9525893217144,1534.4288839825717
1963.0,1963.0,302.64170234784234,605.2834046956847,907.9251070435271
1963.0,1976.0,234.138847695123,468.277695390246,702.416543085369
1963.0,1978.0,235.3720459187964,470.7440918375928,706.1161377563892
1976.0,1976.0,134.35028842544403,268.70057685088807,403.0508652763321
1976.0,1978.0,136.48809471891678,272.97618943783357,409.46428415675035
